{"merge_segments_by_kl_duration":0.00013947486877441406,"extract_info_with_llm_end_memory":15324.63330078125,"repeated_ngram_ratio_memory_used":0,"translate_speech_end_memory":15324.63330078125,"merge_segments_by_kl_memory_used":0,"llm_end_memory":15324.64794921875,"repeated_ngram_ratio_duration":0.00011301040649414062,"extract_answer_from_line_memory_used":0,"summarize_text_memory_used":0,"llm_duration":7.461217641830444,"extract_info_with_llm_duration":7.477671146392822,"_wandb":{"runtime":32},"merge_segments_by_kl_end_memory":15324.63330078125,"split_modality_caption_with_llm_duration":0.8128840923309326,"split_modality_caption_with_llm_end_memory":15324.63330078125,"_step":31,"repeated_ngram_ratio_end_memory":15324.63330078125,"summarize_text_duration":1.6021308898925781,"translate_speech_duration":1.6027238368988037,"extract_info_with_llm_memory_used":0,"_timestamp":1.7605177395432096e+09,"extract_speech_from_caption_with_llm_memory_used":0,"extract_answer_from_line_duration":0.00012230873107910156,"summarize_text_end_memory":15324.63330078125,"translate_speech_memory_used":0,"extract_speech_from_caption_with_llm_duration":0.7867741584777832,"llm_memory_used":0.0146484375,"_runtime":32,"extract_answer_from_line_end_memory":15324.63330078125,"split_modality_caption_with_llm_memory_used":0,"extract_speech_from_caption_with_llm_end_memory":15324.63330078125}