{"_timestamp":1.7605379812340431e+09,"translate_speech_duration":1.1369378566741943,"llm_duration":0.5922541618347168,"merge_segments_by_kl_memory_used":0,"summarize_text_duration":1.136354923248291,"merge_segments_by_kl_end_memory":15324.63330078125,"extract_info_with_llm_memory_used":0,"summarize_text_end_memory":15324.63330078125,"_runtime":2251,"summarize_text_memory_used":0,"extract_info_with_llm_duration":8.367602586746216,"merge_segments_by_kl_duration":0.00021696090698242188,"extract_speech_from_caption_with_llm_memory_used":0,"split_modality_caption_with_llm_memory_used":0,"translate_speech_end_memory":15324.63330078125,"split_modality_caption_with_llm_duration":0.9081141948699951,"extract_speech_from_caption_with_llm_duration":0.5931699275970459,"llm_end_memory":15324.638671875,"extract_answer_from_line_memory_used":0,"_wandb":{"runtime":2251},"extract_answer_from_line_duration":0.00013399124145507812,"extract_info_with_llm_end_memory":15324.63330078125,"extract_speech_from_caption_with_llm_end_memory":15324.63330078125,"repeated_ngram_ratio_memory_used":0,"translate_speech_memory_used":0,"llm_memory_used":0.00537109375,"repeated_ngram_ratio_duration":0.0004761219024658203,"extract_answer_from_line_end_memory":15324.63330078125,"repeated_ngram_ratio_end_memory":15324.63330078125,"split_modality_caption_with_llm_end_memory":15324.63330078125,"_step":2500}