{"llm_memory_used":0.00634765625,"pipeline_end_memory":15324.63330078125,"extract_speech_from_caption_with_llm_end_memory":15324.63330078125,"extract_info_with_llm_end_memory":15324.63330078125,"_wandb":{"runtime":2245},"extract_info_with_llm_memory_used":0,"llm_duration":1.1964216232299805,"extract_speech_from_caption_with_llm_memory_used":0,"llm_end_memory":15324.6396484375,"_step":1557,"translate_speech_duration":1.9063208103179932,"split_modality_caption_with_llm_duration":0.6716568470001221,"translate_speech_end_memory":15324.63330078125,"summarize_text_memory_used":0,"split_modality_caption_with_llm_end_memory":15324.63330078125,"extract_info_with_llm_duration":6.714914560317993,"split_modality_caption_with_llm_memory_used":0,"_runtime":2245,"extract_speech_from_caption_with_llm_duration":1.5807876586914062,"summarize_text_end_memory":15324.63330078125,"summarize_text_duration":1.1972293853759766,"pipeline_memory_used":8.125,"_timestamp":1.7616358890845187e+09,"pipeline_duration":2242.473701238632,"translate_speech_memory_used":0}