{"translate_speech_end_memory":15324.63330078125,"extract_speech_from_caption_with_llm_end_memory":15324.63330078125,"split_modality_caption_with_llm_end_memory":15324.63330078125,"extract_info_with_llm_end_memory":15324.63330078125,"_wandb":{"runtime":5160},"_runtime":5160,"_step":4035,"llm_memory_used":0.005859375,"extract_speech_from_caption_with_llm_memory_used":0,"summarize_text_duration":1.908069133758545,"extract_info_with_llm_duration":8.809041976928711,"extract_answer_from_line_memory_used":0,"extract_info_with_llm_memory_used":0,"save_video_results_end_memory":15324.63330078125,"summarize_text_memory_used":0,"extract_answer_from_line_end_memory":15324.63330078125,"_timestamp":1.7605126861764326e+09,"llm_end_memory":15324.63916015625,"translate_speech_memory_used":0,"save_video_results_duration":5156.898597240448,"llm_duration":0.7055606842041016,"extract_speech_from_caption_with_llm_duration":0.7063827514648438,"save_video_results_memory_used":8.125,"extract_answer_from_line_duration":0.0001354217529296875,"split_modality_caption_with_llm_memory_used":0,"split_modality_caption_with_llm_duration":0.5358283519744873,"translate_speech_duration":1.9086933135986328,"summarize_text_end_memory":15324.63330078125}