{"_step":0,"llm_duration":3.2981932163238525,"llm_memory_used":8.13330078125,"llm_end_memory":15324.6416015625,"_timestamp":1.7633821599813495e+09,"_wandb":{"runtime":8},"_runtime":8}