{"translate_speech_duration":3.434600591659546,"summarize_text_duration":3.4336702823638916,"_step":18971,"extract_speech_from_caption_with_llm_duration":1.9336366653442383,"summarize_text_memory_used":0,"_wandb":{"runtime":67943},"extract_info_with_llm_memory_used":0,"translate_speech_memory_used":0,"summarize_text_end_memory":15324.63330078125,"_timestamp":1.763450344457274e+09,"llm_end_memory":15324.69677734375,"extract_info_with_llm_duration":22.272502899169922,"llm_memory_used":0.0634765625,"split_modality_caption_with_llm_end_memory":15324.63330078125,"translate_speech_end_memory":15324.63330078125,"extract_speech_from_caption_with_llm_memory_used":0,"extract_speech_from_caption_with_llm_end_memory":15324.63330078125,"split_modality_caption_with_llm_memory_used":0,"extract_info_with_llm_end_memory":15324.63330078125,"split_modality_caption_with_llm_duration":2.6180176734924316,"llm_duration":123.05270838737488,"_runtime":67943}