{"_step":0,"llm_duration":3.9429407119750977,"llm_memory_used":8.13232421875,"llm_end_memory":15324.640625,"_timestamp":1.7633821611065426e+09,"_wandb":{"runtime":9},"_runtime":9}