{"_timestamp":1.7605200579091556e+09,"_wandb":{"runtime":2267},"extract_info_with_llm_end_memory":15324.63330078125,"extract_info_with_llm_duration":8.35781741142273,"_step":2500,"summarize_text_duration":1.1346664428710938,"split_modality_caption_with_llm_memory_used":0,"extract_speech_from_caption_with_llm_memory_used":0,"llm_duration":0.5941460132598877,"extract_answer_from_line_memory_used":0,"translate_speech_end_memory":15324.63330078125,"extract_speech_from_caption_with_llm_end_memory":15324.63330078125,"repeated_ngram_ratio_duration":0.00047850608825683594,"translate_speech_memory_used":0,"extract_answer_from_line_end_memory":15324.63330078125,"llm_end_memory":15324.638671875,"llm_memory_used":0.00537109375,"extract_speech_from_caption_with_llm_duration":0.5951328277587891,"repeated_ngram_ratio_memory_used":0,"summarize_text_memory_used":0,"extract_answer_from_line_duration":0.0001347064971923828,"translate_speech_duration":1.1433606147766113,"merge_segments_by_kl_memory_used":0,"merge_segments_by_kl_end_memory":15324.63330078125,"merge_segments_by_kl_duration":0.00020933151245117188,"summarize_text_end_memory":15324.63330078125,"repeated_ngram_ratio_end_memory":15324.63330078125,"_runtime":2267,"split_modality_caption_with_llm_end_memory":15324.63330078125,"split_modality_caption_with_llm_duration":0.9078128337860107,"extract_info_with_llm_memory_used":0}