{"_timestamp":1.7633819083192766e+09,"_step":0,"_wandb":{"runtime":148},"_runtime":148,"llm_duration":18.69758415222168,"llm_memory_used":8.1396484375,"llm_end_memory":15324.64794921875}