{"summarize_text_memory_used":0,"extract_answer_from_line_end_memory":15324.63330078125,"extract_info_with_llm_memory_used":0,"split_modality_caption_with_llm_memory_used":0,"translate_speech_memory_used":0,"_timestamp":1.7605170565699034e+09,"split_modality_caption_with_llm_end_memory":15324.63330078125,"llm_memory_used":0.0146484375,"summarize_text_end_memory":15324.63330078125,"extract_speech_from_caption_with_llm_memory_used":0,"_runtime":5061,"translate_speech_end_memory":15324.63330078125,"extract_answer_from_line_memory_used":0,"extract_info_with_llm_duration":6.693203926086426,"translate_speech_duration":0.8018512725830078,"_wandb":{"runtime":5061},"extract_answer_from_line_duration":0.0001327991485595703,"summarize_text_duration":0.7974638938903809,"split_modality_caption_with_llm_duration":0.8778836727142334,"extract_speech_from_caption_with_llm_end_memory":15324.63330078125,"extract_info_with_llm_end_memory":15324.63330078125,"_step":3945,"extract_speech_from_caption_with_llm_duration":0.5168123245239258,"llm_duration":6.676995754241943,"llm_end_memory":15324.64794921875}