{"video_id":"3Z3YUJHg8GE","gpu/memory_MB":12902.55517578125,"_timestamp":1.7601817428250272e+09,"_step":1170,"_wandb":{"runtime":37},"_runtime":37}