{"extract_info_with_llm_memory_used":0,"_step":21957,"extract_speech_from_caption_with_llm_duration":0.09905147552490234,"llm_duration":60.90945291519165,"extract_info_with_llm_end_memory":15324.63330078125,"_runtime":59046,"llm_end_memory":15324.69677734375,"_wandb":{"runtime":59046},"extract_info_with_llm_duration":9.909435987472534,"split_modality_caption_with_llm_duration":1.048248529434204,"split_modality_caption_with_llm_memory_used":0,"_timestamp":1.7634414474352949e+09,"extract_speech_from_caption_with_llm_end_memory":15324.63330078125,"extract_speech_from_caption_with_llm_memory_used":0,"summarize_text_end_memory":15324.63330078125,"translate_speech_end_memory":15324.63330078125,"split_modality_caption_with_llm_end_memory":15324.63330078125,"llm_memory_used":0.0634765625,"translate_speech_memory_used":0,"summarize_text_memory_used":0,"summarize_text_duration":0.6377625465393066,"translate_speech_duration":0.6387629508972168}