{"_step":0,"llm_duration":2.517178535461426,"llm_memory_used":8.13037109375,"llm_end_memory":15324.638671875,"_timestamp":1.7633821588430667e+09,"_wandb":{"runtime":7},"_runtime":7}