{"_step":0,"llm_duration":18.77341318130493,"_wandb":{"runtime":147},"_runtime":147,"llm_memory_used":8.13916015625,"llm_end_memory":15324.6474609375,"_timestamp":1.7633819076361523e+09}