{"extract_info_with_llm_memory_used":0,"split_modality_caption_with_llm_memory_used":0,"summarize_text_memory_used":0,"extract_info_with_llm_end_memory":15324.63330078125,"extract_info_with_llm_duration":7.161418437957764,"summarize_text_duration":0.655144214630127,"llm_end_memory":15324.63818359375,"translate_speech_end_memory":15324.63330078125,"split_modality_caption_with_llm_end_memory":15324.63330078125,"extract_speech_from_caption_with_llm_duration":0.6711349487304688,"_runtime":522,"llm_memory_used":0.0048828125,"extract_speech_from_caption_with_llm_memory_used":0,"llm_duration":0.6703920364379883,"_timestamp":1.7616319871206515e+09,"split_modality_caption_with_llm_duration":0.3789210319519043,"translate_speech_memory_used":0,"extract_speech_from_caption_with_llm_end_memory":15324.63330078125,"_step":332,"translate_speech_duration":0.6600232124328613,"_wandb":{"runtime":522},"summarize_text_end_memory":15324.63330078125}