{"llm_end_memory":15324.69775390625,"extract_info_with_llm_duration":8.361131429672241,"summarize_text_memory_used":0,"llm_memory_used":0.064453125,"split_modality_caption_with_llm_end_memory":15324.63330078125,"summarize_text_end_memory":15324.63330078125,"translate_speech_duration":0.6728384494781494,"summarize_text_duration":0.6689667701721191,"_wandb":{"runtime":80613},"extract_speech_from_caption_with_llm_duration":0.09914922714233398,"_timestamp":1.7635995873757815e+09,"split_modality_caption_with_llm_memory_used":0,"extract_info_with_llm_end_memory":15324.63330078125,"_runtime":80613,"extract_speech_from_caption_with_llm_end_memory":15324.63330078125,"llm_duration":61.81959676742554,"extract_speech_from_caption_with_llm_memory_used":0,"_step":33749,"translate_speech_memory_used":0,"translate_speech_end_memory":15324.63330078125,"extract_info_with_llm_memory_used":0,"split_modality_caption_with_llm_duration":1.1321015357971191}