{"gpu/memory_MB":12966.5703125,"_timestamp":1.7586387638376074e+09,"_step":1170,"_wandb":{"runtime":25},"_runtime":25,"video_id":"3Z3YUJHg8GE"}