{"_step":10926,"extract_info_with_llm_duration":18.057066679000854,"extract_speech_from_caption_with_llm_duration":2.2771434783935547,"summarize_text_duration":2.2096376419067383,"_wandb":{"runtime":39306},"_runtime":39306,"llm_duration":123.52803874015808,"llm_memory_used":0.0634765625,"translate_speech_end_memory":15324.63330078125,"translate_speech_memory_used":0,"split_modality_caption_with_llm_end_memory":15324.63330078125,"summarize_text_end_memory":15324.63330078125,"extract_speech_from_caption_with_llm_memory_used":0,"extract_info_with_llm_memory_used":0,"split_modality_caption_with_llm_duration":1.9238855838775635,"llm_end_memory":15324.69677734375,"extract_info_with_llm_end_memory":15324.63330078125,"split_modality_caption_with_llm_memory_used":0,"_timestamp":1.763421707371159e+09,"extract_speech_from_caption_with_llm_end_memory":15324.63330078125,"summarize_text_memory_used":0,"translate_speech_duration":2.2148680686950684}