{"video_id":"w2nmzwknVco","_wandb":{"runtime":826},"_runtime":826,"gpu/memory_MB":13289.7939453125,"task":"sample_captioning","elapsed_time per video":546.4912526607513,"_timestamp":1.7602596146792543e+09,"_step":1}