{"video_id":"w2nmzwknVco","gpu/memory_MB":13285.021484375,"task":"sample_captioning","elapsed_time per video":0.4246704578399658,"_timestamp":1.7602641221947913e+09,"_step":1,"_wandb":{"runtime":81},"_runtime":81}