{"_wandb":{"runtime":809},"extract_info_with_llm_memory_used":0,"summarize_text_end_memory":15324.63330078125,"llm_memory_used":0.00537109375,"_timestamp":1.761633238948853e+09,"summarize_text_duration":1.1200170516967773,"extract_info_with_llm_duration":6.273975133895874,"_step":558,"translate_speech_duration":1.1248414516448975,"_runtime":809,"split_modality_caption_with_llm_memory_used":0,"translate_speech_end_memory":15324.63330078125,"extract_speech_from_caption_with_llm_duration":0.5737009048461914,"split_modality_caption_with_llm_duration":0.8867101669311523,"extract_speech_from_caption_with_llm_memory_used":0,"summarize_text_memory_used":0,"llm_duration":1.0437593460083008,"translate_speech_memory_used":0,"extract_info_with_llm_end_memory":15324.63330078125,"split_modality_caption_with_llm_end_memory":15324.63330078125,"extract_speech_from_caption_with_llm_end_memory":15324.63330078125,"llm_end_memory":15324.638671875}