{"llm_end_memory":15324.6474609375,"_timestamp":1.7633819081557374e+09,"_step":0,"_wandb":{"runtime":148},"_runtime":148,"llm_duration":18.686134338378906,"llm_memory_used":8.13916015625}