{"split_modality_caption_with_llm_end_memory":15324.63330078125,"extract_speech_from_caption_with_llm_memory_used":0,"extract_info_with_llm_duration":29.256946802139282,"extract_info_with_llm_memory_used":0,"_timestamp":1.763538083892143e+09,"translate_speech_memory_used":0,"extract_speech_from_caption_with_llm_end_memory":15324.63330078125,"translate_speech_duration":2.9784722328186035,"llm_end_memory":15324.6611328125,"extract_speech_from_caption_with_llm_duration":1.8398923873901367,"summarize_text_memory_used":0,"_step":4580,"_wandb":{"runtime":19109},"_runtime":19109,"summarize_text_end_memory":15324.63330078125,"extract_info_with_llm_end_memory":15324.63330078125,"llm_duration":25.52559995651245,"split_modality_caption_with_llm_duration":1.7807483673095703,"translate_speech_end_memory":15324.63330078125,"llm_memory_used":0.02783203125,"split_modality_caption_with_llm_memory_used":0,"summarize_text_duration":2.977210521697998}