{"_wandb":{"runtime":7},"_runtime":7,"llm_duration":2.938645124435425,"llm_memory_used":8.13232421875,"llm_end_memory":15324.640625,"_timestamp":1.7633821599497094e+09,"_step":0}