{"extract_speech_from_caption_with_llm_end_memory":15324.63330078125,"llm_duration":44.9529070854187,"summarize_text_duration":4.27704381942749,"llm_memory_used":0.03515625,"summarize_text_end_memory":15324.63330078125,"extract_speech_from_caption_with_llm_memory_used":0,"translate_speech_memory_used":0,"split_modality_caption_with_llm_end_memory":15324.63330078125,"_step":4176,"llm_end_memory":15324.66845703125,"_wandb":{"runtime":16656},"extract_info_with_llm_memory_used":0,"translate_speech_duration":4.278083801269531,"_timestamp":1.7635356306991923e+09,"split_modality_caption_with_llm_memory_used":0,"translate_speech_end_memory":15324.63330078125,"extract_info_with_llm_end_memory":15324.63330078125,"extract_info_with_llm_duration":34.10350489616394,"summarize_text_memory_used":0,"extract_speech_from_caption_with_llm_duration":2.5059170722961426,"split_modality_caption_with_llm_duration":7.483807325363159,"_runtime":16656}