{"extract_speech_from_caption_with_llm_duration":0.19637131690979004,"split_modality_caption_with_llm_memory_used":0,"split_modality_caption_with_llm_end_memory":15324.63330078125,"llm_duration":0.19579243659973145,"extract_answer_from_line_end_memory":15324.63330078125,"extract_info_with_llm_memory_used":0,"_runtime":6375,"translate_speech_memory_used":0,"split_modality_caption_with_llm_duration":0.16347074508666992,"_wandb":{"runtime":6375},"translate_speech_end_memory":15324.63330078125,"_timestamp":1.7605238521833541e+09,"llm_end_memory":15324.63818359375,"extract_info_with_llm_end_memory":15324.63330078125,"extract_answer_from_line_memory_used":0,"summarize_text_memory_used":0,"extract_info_with_llm_duration":5.2045958042144775,"_step":4998,"translate_speech_duration":1.1355054378509521,"extract_speech_from_caption_with_llm_end_memory":15324.63330078125,"extract_answer_from_line_duration":0.00013446807861328125,"summarize_text_end_memory":15324.63330078125,"summarize_text_duration":1.1349155902862549,"llm_memory_used":0.0048828125,"extract_speech_from_caption_with_llm_memory_used":0}