{"translate_speech_end_memory":15324.63330078125,"llm_memory_used":0.00537109375,"split_modality_caption_with_llm_duration":1.3106424808502197,"_wandb":{"runtime":88478},"translate_speech_memory_used":0,"extract_info_with_llm_end_memory":15324.63330078125,"extract_speech_from_caption_with_llm_end_memory":15324.63330078125,"_timestamp":1.7634708789780462e+09,"summarize_text_duration":3.932590961456299,"split_modality_caption_with_llm_end_memory":15324.63330078125,"_runtime":88478,"llm_end_memory":15324.638671875,"translate_speech_duration":1.55645751953125,"split_modality_caption_with_llm_memory_used":0,"summarize_text_end_memory":15324.63330078125,"extract_info_with_llm_duration":9.944987297058105,"extract_speech_from_caption_with_llm_duration":0.8392870426177979,"_step":31016,"extract_speech_from_caption_with_llm_memory_used":0,"llm_duration":1.616914987564087,"extract_info_with_llm_memory_used":0,"summarize_text_memory_used":0}