{"_wandb":{"runtime":146},"_runtime":146,"llm_duration":17.121731281280518,"llm_memory_used":8.13916015625,"llm_end_memory":15324.6474609375,"_timestamp":1.7633819067661006e+09,"_step":0}