{"translate_speech_end_memory":15324.63330078125,"split_modality_caption_with_llm_duration":0.16389870643615723,"extract_info_with_llm_duration":5.221312999725342,"_runtime":6372,"translate_speech_duration":1.1428697109222412,"extract_answer_from_line_end_memory":15324.63330078125,"llm_duration":0.19571495056152344,"extract_speech_from_caption_with_llm_memory_used":0,"_timestamp":1.7605421961602592e+09,"summarize_text_memory_used":0,"summarize_text_end_memory":15324.63330078125,"llm_end_memory":15324.63818359375,"summarize_text_duration":1.1422922611236572,"extract_info_with_llm_end_memory":15324.63330078125,"_step":4998,"extract_info_with_llm_memory_used":0,"extract_answer_from_line_memory_used":0,"translate_speech_memory_used":0,"extract_speech_from_caption_with_llm_duration":0.19632363319396973,"split_modality_caption_with_llm_end_memory":15324.63330078125,"_wandb":{"runtime":6372},"extract_speech_from_caption_with_llm_end_memory":15324.63330078125,"split_modality_caption_with_llm_memory_used":0,"extract_answer_from_line_duration":0.00012421607971191406,"llm_memory_used":0.0048828125}