{"translate_speech_end_memory":15324.63330078125,"_wandb":{"runtime":23332},"_runtime":23332,"summarize_text_end_memory":15324.63330078125,"extract_speech_from_caption_with_llm_duration":1.3465628623962402,"extract_speech_from_caption_with_llm_end_memory":15324.63330078125,"_timestamp":1.763542307152364e+09,"split_modality_caption_with_llm_end_memory":15324.63330078125,"summarize_text_memory_used":0,"split_modality_caption_with_llm_duration":1.4248573780059814,"llm_duration":1.6157989501953125,"llm_memory_used":0.00537109375,"split_modality_caption_with_llm_memory_used":0,"summarize_text_duration":1.5871596336364746,"extract_info_with_llm_duration":12.820905685424805,"translate_speech_duration":1.5881259441375732,"extract_speech_from_caption_with_llm_memory_used":0,"llm_end_memory":15324.638671875,"extract_info_with_llm_end_memory":15324.63330078125,"_step":6684,"extract_info_with_llm_memory_used":0,"translate_speech_memory_used":0}